track_name,artist_name,artist_count,released_year,streams,bpm,key,mode,danceability_pct,valence_pct,energy_pct,acousticness_pct,instrumentalness_pct,liveness_pct,speechiness_pct
Seven,"Latto, Jung Kook",2,2023,141381703,125,B,Major,80,89,83,31,0,8,4
LALA,Myke Towers,1,2023,133716286,92,C#,Major,71,61,74,7,0,10,4
vampire,Olivia Rodrigo,1,2023,140003974,138,F,Major,51,32,53,17,0,31,6
Cruel Summer,Taylor Swift,1,2019,800840817,170,A,Major,55,58,72,11,0,11,15
Sprinter,"Dave, Central Cee",2,2023,183706234,141,C#,Major,92,66,58,19,0,8,24
Super Shy,NewJeans,1,2023,58255150,150,F,Minor,78,52,82,18,0,15,7
Flowers,Miley Cyrus,1,2023,1316855716,118,,Major,71,65,68,6,0,3,7
Daylight,David Kushner,1,2023,387570742,130,D,Minor,51,32,43,83,0,9,3
As It Was,Harry Styles,1,2022,2513188493,174,F#,Minor,52,66,73,34,0,31,6
Kill Bill,SZA,1,2022,1163093654,89,G#,Major,64,43,73,5,17,16,4
Cupid,Fifty Fifty,1,2023,496795686,120,B,Minor,78,76,59,43,0,34,3
What Was I Made For?,Billie Eilish,1,2023,30546883,78,,Major,44,14,9,96,0,10,3
Like Crazy,Jimin,1,2023,363369738,120,G,Major,63,36,73,0,0,36,4
I Can See You,Taylor Swift,1,2023,52135248,123,F#,Major,69,82,76,6,0,6,3
I Wanna Be Yours,Arctic Monkeys,1,2013,1297026226,135,,Minor,48,44,42,12,2,11,3
Popular,"The Weeknd, Madonna, Playboi Carti",3,2023,115364561,99,C#,Major,85,83,68,7,0,36,20
Calm Down,"Rema, Selena G",2,2022,899183384,107,B,Major,80,82,80,43,0,14,4
Last Night,Morgan Wallen,1,2023,429829812,204,F#,Major,52,52,68,46,0,15,4
Dance The Night,Dua Lipa,1,2023,127408954,110,B,Minor,67,78,85,2,0,33,5
Rush,Troye Sivan,1,2023,22581161,126,F,Minor,74,35,84,0,0,11,6
Creepin',"The Weeknd, 21 Savage, Metro Boomin",3,2022,843957510,98,C#,Minor,71,17,61,36,0,8,5
Anti-Hero,Taylor Swift,1,2022,999748277,97,E,Major,64,51,63,12,0,19,5
Blank Space,Taylor Swift,1,2014,1355959075,96,F,Major,75,57,68,9,0,13,6
Style,Taylor Swift,1,2014,786181836,95,D,Major,60,48,79,0,0,12,4
Sunflower,"Post Malone, Swae Lee",2,2018,2808096550,90,D,Major,76,91,50,54,0,7,5
I'm Good (Blue),"Bebe Rexha, David Guetta",2,2022,1109433169,128,G,Minor,56,38,97,4,0,35,4
See You Again,"Tyler, The Creator, Kali Uchis",3,2017,1047101291,79,F#,Major,56,58,56,37,0,11,10
Barbie World (with Aqua),"Nicki Minaj, Aqua, Ice Spice",3,2023,65156199,144,,Major,77,75,58,52,0,23,25
Angels Like You,Miley Cyrus,1,2020,570515054,122,F,Major,67,49,64,10,0,10,3
I Ain't Worried,OneRepublic,1,2022,1085685420,140,,Major,71,82,81,11,0,6,5
Die For You,The Weeknd,1,2016,1647990401,134,C#,Minor,59,51,52,9,0,15,7
Starboy,"The Weeknd, Daft Punk",2,2016,2565529693,186,G,Major,68,49,59,16,0,13,28
Die For You - Remix,"Ariana Grande, The Weeknd",2,2023,518745108,67,C#,Minor,53,50,53,23,0,44,7
Baby Don't Hurt Me,"David Guetta, Anne-Marie, Coi Leray",3,2023,177740666,128,G,Major,60,23,91,0,0,12,3
(It Goes Like) Nanana,Peggy Gou,1,2023,57876440,130,G,Minor,67,96,88,12,19,8,4
Another Love,Tom Odell,1,2012,1813673666,123,E,Minor,45,13,54,70,0,9,4
Blinding Lights,The Weeknd,1,2019,3703895074,171,C#,Major,50,38,80,0,0,9,7
Moonlight,Kali Uchis,1,2023,256483385,137,G,Minor,64,88,72,51,0,17,5
S91,Karol G,1,2023,16011326,128,,Minor,86,42,72,59,0,9,19
cardigan,Taylor Swift,1,2020,812019557,130,,Minor,61,53,58,55,0,27,4
Boy's a liar,"PinkPantheress, Ice Spice",2,2023,156338624,133,F,Major,70,86,81,25,0,25,5
Left and Right,"Charlie Puth, BTS, Jung Kook",3,2022,720434240,101,D,Major,88,72,59,62,0,9,3
Yellow,Chris Molitor,1,1999,1755214421,173,B,Major,43,28,66,0,0,23,3
Karma,Taylor Swift,1,2022,404562836,90,G#,Major,64,10,62,7,0,48,7
People,Libianca,1,2022,373199958,198,A#,Minor,59,71,42,55,0,10,7
Overdrive,Post Malone,1,2023,14780425,140,C#,Major,56,48,73,0,0,35,4
Enchanted,Taylor Swift,1,2023,39578178,82,G#,Major,51,22,53,1,0,15,3
Heat Waves,Glass Animals,1,2020,2557975762,81,B,Major,76,53,53,44,0,9,9
golden hour,JVKE,1,2022,751134527,94,C#,Minor,51,14,59,65,18,25,3
Sweater Weather,The Neighbourhood,1,2012,2282771485,124,A#,Major,61,41,81,5,2,10,3
Viva La Vida,Coldplay,1,2008,1592909789,138,F,Minor,49,42,62,9,0,11,3
Here With Me,d4vd,1,2022,635412045,132,E,Major,58,27,48,50,0,12,3
Unholy,"Sam Smith, Kim Petras",2,2022,1230675890,131,D,Major,71,24,47,1,0,27,9
Riptide,Vance Joy,1,1975,2009094673,102,C#,Major,48,50,73,43,0,15,4
Until I Found You,"Em Beihold, Stephen Sanchez",2,2022,600976848,101,A#,Major,34,32,57,78,0,20,3
Back To December,Taylor Swift,1,2023,39228929,142,D,Major,50,20,64,1,0,12,3
STAY,"Justin Bieber, The Kid Laroi",2,2021,2665343922,170,C#,Major,59,48,76,4,0,10,5
Someone You Loved,Lewis Capaldi,1,2018,2887241814,110,C#,Major,50,45,41,75,0,11,3
Makeba,Jain,1,2015,165484133,116,D,Major,82,40,66,39,51,25,7
MONTAGEM - FR PUNK,"Ayparia, unxbected",2,2012,58054811,129,A,Major,63,84,82,70,8,9,7
Fast Car,Luke Combs,1,2023,157058870,98,G#,Major,71,67,60,19,0,12,3
What It Is,Doechii,1,2023,95131998,172,C#,Minor,74,76,76,6,0,10,9
Don't Blame Me,Taylor Swift,1,2017,685032533,136,A,Minor,62,19,53,11,0,6,4
Still With You,Jung Kook,1,2020,38411956,88,C#,Minor,53,34,47,9,0,83,4
All My Life,"J. Cole, Lil Durk",2,2023,144565150,143,D#,Major,83,69,44,15,0,10,33
Say Yes To Heaven,Lana Del Rey,1,2023,127567540,100,F#,Minor,49,17,35,71,9,11,3
Snooze,SZA,1,2022,399686758,143,F,Major,56,39,55,14,0,11,13
Summertime Sadness,Lana Del Rey,1,2011,983637508,112,C#,Minor,56,24,66,7,0,12,3
Take Two,BTS,1,2023,118482347,93,G,Major,62,57,59,3,0,38,3
Lover,Taylor Swift,1,2012,882831184,206,G,Major,43,50,55,50,0,15,10
Too Many Nights,"Future, Metro Boomin, Don Toliver",3,2022,286400165,88,G,Minor,68,17,71,15,0,11,5
Chemical,Post Malone,1,2023,172825906,170,D,Major,50,37,90,0,0,12,5
Mockingbird,Eminem,1,2004,1241559043,84,E,Minor,62,24,67,21,0,13,28
New Jeans,NewJeans,1,2023,29562220,134,E,Minor,81,53,72,51,0,12,5
Primera Cita,Carin Leon,1,2022,77309611,158,A#,Major,54,50,40,61,0,10,6
Cold Heart,"Dua Lipa, Elton John, Pnau",3,2017,1605224506,116,C#,Major,80,92,80,4,0,10,3
Dandelions,Ruth B.,1,2017,1116995633,117,C#,Major,61,45,69,2,0,9,3
Bones,Imagine Dragons,1,2021,838079900,114,F,Minor,77,65,72,2,0,7,5
Set Fire to the Rain,Adele,1,2011,1163620694,108,D,Minor,61,47,68,0,0,13,3
Money Trees,"Kendrick Lamar, Jay Rock",2,2012,1093605526,144,E,Minor,74,37,53,7,0,21,10
Mine,Taylor Swift,1,2023,36912123,121,G,Major,65,49,78,0,0,17,4
Everybody Wants To Rule The World,Tears For Fears,1,1985,1205951614,112,G,Major,64,54,81,36,0,11,6
No Role Modelz,J. Cole,1,2014,1791000570,100,A#,Minor,70,47,52,30,0,6,33
Tattoo,Loreen,1,2023,201660859,150,D#,Minor,55,30,78,24,0,12,8
august,Taylor Swift,1,2020,607123776,90,F,Major,51,42,61,53,0,9,3
Miracle,"Calvin Harris, Ellie Goulding",2,2023,211050784,143,A,Major,64,31,87,4,4,8,4
Nonsense,Sabrina Carpenter,1,2022,342897938,139,G#,Major,74,68,68,3,0,26,4
Can't Hold Us,"Ray Dalton, Ryan Lewis, Macklemore",3,2011,1953533826,146,D,Major,63,88,93,3,0,10,8
Watermelon Sugar,Harry Styles,1,2019,2322580122,95,,Major,55,56,82,12,0,34,5
lovely,"Billie Eilish, Khalid",2,2017,2355719893,115,E,Minor,35,12,30,93,0,10,3
Queencard,(G)I-DLE,1,2023,96273746,130,E,Minor,82,69,83,3,0,27,5
OMG,NewJeans,1,2023,430977451,127,A,Minor,80,74,77,36,0,11,4
Radio,Lana Del Rey,1,2011,284819874,150,D,Major,42,20,86,21,0,9,9
505,Arctic Monkeys,1,2007,1217120710,140,,Major,52,20,85,0,0,7,5
Calling,"Swae Lee, A Boogie Wit da Hoodie, Metro Boomin, NAV",4,2023,109276132,140,,Major,63,22,54,46,0,12,8
Trance,"Travis Scott, Young Thug, Metro Boomin",3,2022,276259178,119,C#,Minor,75,48,53,18,0,18,34
Perfect,Ed Sheeran,1,2017,2559529074,95,G#,Major,60,17,45,16,0,11,2
Romantic Homicide,d4vd,1,2022,681583126,132,F#,Major,56,20,55,45,1,32,3
Believer,Imagine Dragons,1,2017,2594040133,125,A#,Minor,77,74,78,4,0,23,11
Without Me,Eminem,1,2002,1687664027,112,G,Major,92,67,66,0,0,36,9
Stargirl Interlude,"The Weeknd, Lana Del Rey",2,2016,611700552,90,F,Minor,59,52,48,38,5,10,11
Somewhere Only We Know,Keane,1,2004,1089402494,172,A,Major,45,33,59,6,0,8,3
Those Eyes,New West,1,2019,411747614,120,E,Major,60,24,35,73,0,31,3
Locked Out Of Heaven,Bruno Mars,1,2012,1481349984,144,F,Major,73,87,70,6,0,28,5
Jimmy Cooks,"Drake, 21 Savage",2,2022,618885532,163,,Major,54,40,67,0,0,9,17
Counting Stars,OneRepublic,1,2013,2011464183,122,C#,Minor,66,48,71,6,0,12,4
Ghost,Justin Bieber,1,2021,1167330737,154,D,Major,61,41,74,21,0,40,6
Under The Influence,Chris Brown,1,2019,929964809,117,A,Minor,73,31,69,6,0,11,4
Gasolina,Daddy Yankee,1,2004,657723613,96,,Major,86,74,80,33,0,8,6
One Dance,"Drake, WizKid, Kyla",3,2016,2713922350,104,C#,Major,77,36,63,1,0,36,5
Enchanted,Taylor Swift,1,2010,621660989,164,G#,Major,45,24,62,8,0,16,3
Save Your Tears,The Weeknd,1,2020,1591223784,118,,Major,68,61,82,2,0,50,3
Sure Thing,Miguel,1,2010,950906471,81,B,Minor,68,51,60,3,0,19,10
Every Breath You Take,The Police,1,1983,1593270737,117,C#,Major,82,73,45,54,0,7,3
The Night We Met,Lord Huron,1,2015,1410088830,174,D,Major,45,10,37,97,25,64,4
We Found Love,"Rihanna, Calvin Harris",2,2011,1235005533,128,C#,Major,73,60,77,3,0,11,4
When I Was Your Man,Bruno Mars,1,2012,1661187319,145,,Major,60,43,27,94,0,14,4
Let Me Down Slowly,Alec Benjamin,1,2018,1374581173,150,C#,Minor,65,51,55,73,0,14,3
Am I Dreaming,"A$AP Rocky, Metro Boomin, Roisee",3,2023,94186466,90,A,Minor,60,13,53,4,0,21,4
Do I Wanna Know?,Arctic Monkeys,1,2013,1788326445,85,F,Major,55,42,53,17,0,22,3
Demons,Imagine Dragons,1,2012,1840364617,180,D#,Major,33,38,71,20,0,28,5
Reminder,The Weeknd,1,2016,684675814,160,G#,Major,71,40,50,16,0,16,22
Shake It Off,Taylor Swift,1,2014,1113838873,160,G,Major,65,95,80,5,0,41,16
Why'd You Only Call Me When You're High?,Arctic Monkeys,1,2013,1267333350,92,D,Major,70,81,63,4,0,8,4
SNAP,Rosa Linn,1,2022,726307468,170,,Major,56,53,64,11,0,45,6
Shape of You,Ed Sheeran,1,2017,3562543890,96,C#,Minor,83,93,65,58,0,9,8
Night Changes,One Direction,1,2014,1131090940,120,G#,Major,67,40,52,86,0,12,4
Creep,Radiohead,1,1992,1271293243,92,G,Major,53,12,34,1,0,12,4
Car's Outside,James Arthur,1,2019,265882712,150,A,Major,34,24,56,4,0,11,3
Apocalypse,Cigarettes After Sex,1,2017,841749534,94,F,Major,37,17,47,2,46,11,3
Cheques,Shubh,1,2023,47956378,90,E,Minor,74,36,63,26,0,27,5
Pink + White,Frank Ocean,1,2016,806397070,160,A,Major,54,54,55,67,0,42,11
Circles,Post Malone,1,2019,2132335812,120,,Major,70,59,75,24,0,9,4
Just The Way You Are,Bruno Mars,1,2010,1641426668,109,F,Major,63,46,85,1,0,9,5
Take Me To Church,Hozier,1,2013,2135158446,129,E,Minor,57,41,66,63,0,12,5
You Belong With Me,Taylor Swift,1,2021,350381515,130,F#,Major,63,49,73,5,0,9,3
Better Than Revenge,Taylor Swift,1,2023,30343206,146,B,Minor,50,67,89,0,0,19,8
Shut up My Moms Calling,Hotel Ugly,1,2020,405136812,139,A,Minor,48,37,41,32,0,10,10
Have You Ever Seen The Rain?,Creedence Clearwater Revival,1,1968,1145727611,116,,Major,74,76,70,7,0,13,3
Ditto,NewJeans,1,2022,397582059,134,F#,Minor,81,18,64,3,0,10,11
Take On Me,a-ha,1,1984,1479115056,84,F#,Minor,57,86,90,2,0,9,5
Annihilate,"Swae Lee, Lil Wayne, Offset, Metro Boomin",4,2023,86773632,146,B,Minor,61,20,48,21,0,12,6
Angel Pt 1,"Kodak Black, NLE Choppa, Muni Long, JVKE, Jimin",5,2023,133753727,74,A#,Minor,53,24,67,11,0,10,28
S-Class,Stray Kids,1,2023,65496046,105,F,Minor,89,67,78,9,0,7,33
Hits Different,Taylor Swift,1,2023,68616963,106,F,Major,67,24,78,15,0,30,4
Self Love,"Metro Boomin, Coi Leray",2,2023,70106975,120,A,Major,78,5,30,21,0,13,5
Area Codes,"Kaliii, Kaliii",2,2023,113509496,155,C#,Major,82,51,39,2,0,9,49
FLOWER,JISOO,1,2023,232896922,124,A,Minor,84,64,39,3,0,11,4
All The Way Live,"Future, Lil Uzi Vert, Metro Boomin",3,2023,37126685,135,A,Minor,77,28,55,18,0,22,15
Eyes Closed,Ed Sheeran,1,2023,195576623,107,D,Major,78,39,53,30,0,11,6
Escapism.,"RAYE, 070 Shake",2,2022,532336353,96,D,Major,54,25,74,14,0,9,11
Karma,"Taylor Swift, Ice Spice",2,2023,46142772,90,G#,Major,62,7,62,6,0,58,6
Superhero,"Future, Chris Brown, Metro Boomin",3,2022,401036314,117,F,Minor,72,45,59,14,0,20,21
Snow On The Beach,"Lana Del Rey, Taylor Swift",2,2023,60350538,110,F#,Minor,66,32,40,81,0,11,3
Players,Coi Leray,1,2022,335074782,105,F#,Major,95,62,52,3,0,5,16
Bite Me,ENHYPEN,1,2023,76767396,105,C#,Major,80,69,78,28,0,11,14
Stand By Me,"Lil Durk, Morgan Wallen",2,2023,46065667,134,B,Major,76,61,58,6,0,16,3
Hummingbird,"James Blake, Metro Boomin",2,2023,39666245,81,F#,Major,59,26,60,46,1,25,13
Bad Habit,Steve Lacy,1,2022,822633917,169,C#,Major,69,69,51,63,0,38,4
CUFF IT,Beyonce,1,2022,595900742,115,G,Major,78,64,69,4,0,7,14
Lilith,"Halsey, Suga",2,2023,51985779,84,A,Minor,43,14,74,1,0,19,8
Search & Rescue,Drake,1,2023,175097833,142,A#,Minor,82,54,44,6,0,33,7
AMERICA HAS A PROBLEM,"Kendrick Lamar, Beyonce",2,2023,57089066,126,C#,Major,78,20,70,1,0,16,4
Lavender Haze,Taylor Swift,1,2022,488386797,97,A#,Major,73,10,44,26,0,16,8
Link Up,"WizKid, Toian, Metro Boomin, Don Toliver, Beam",5,2023,32761689,101,F,Major,92,59,51,41,51,26,8
Just Wanna Rock,Lil Uzi Vert,1,2022,457184829,150,B,Major,49,4,55,7,0,6,3
Unstoppable,Sia,1,2016,939844851,174,A,Major,47,27,78,11,0,10,8
Until I Found You,Stephen Sanchez,1,2021,726434358,202,A#,Major,34,25,51,69,0,18,4
Rich Flex,"Drake, 21 Savage",2,2022,573633020,153,B,Minor,56,42,52,5,0,36,24
Easy On Me,Adele,1,2021,1406111294,142,F,Major,60,13,37,58,0,13,3
Danger,"Offset, JID",2,2023,24975653,143,B,Major,83,25,69,4,0,23,12
The Real Slim Shady,Eminem,1,2000,1424589568,104,F,Minor,95,78,66,3,0,4,6
The Color Violet,Tory Lanez,1,2021,415932686,105,F#,Minor,65,46,53,16,0,9,5
Glimpse of Us,Joji,1,2022,988515741,170,G#,Major,44,27,32,89,0,14,5
Curtains,Ed Sheeran,1,2023,39893489,176,F#,Minor,50,44,76,10,0,32,5
UNFORGIVEN,"Nile Rodgers, LE SSERAFIM",2,2023,92035115,104,E,Minor,80,38,88,11,0,11,5
Never Felt So Alone,Labrinth,1,2023,117747907,98,F,Major,44,36,41,50,0,38,5
ceilings,Lizzy McAlpine,1,2022,293186992,148,A,Major,51,27,33,48,0,22,3
Cupid,Fifty Fifty,1,2023,139681964,120,D,Major,77,94,66,65,0,38,3
I AM,IVE,1,2023,123132751,122,E,Minor,68,38,88,1,0,8,5
Shorty Party,"Cartel De Santa, La Kelly",2,2023,162887075,96,D,Major,93,47,47,33,0,10,36
Super,SEVENTEEN,1,2023,91221625,137,G#,Major,77,35,88,16,0,17,9
Double Fantasy,"The Weeknd, Future",2,2023,96180277,119,A,Minor,60,10,57,1,0,50,3
All Of The Girls You Loved Before,Taylor Swift,1,2019,185240616,96,D,Major,72,40,47,71,0,13,4
Princess Diana,"Nicki Minaj, Ice Spice",2,2023,104992946,148,A,Major,90,74,68,14,0,10,19
Shivers,Ed Sheeran,1,2021,1302184087,141,D,Major,79,82,86,28,0,4,9
Shoong!,"TAEYANG, Lisa",2,2023,76910644,110,B,Minor,76,26,70,1,0,41,6
Komang,Raim Laode,1,2022,137123880,134,G,Major,70,35,41,41,0,10,3
Made You Look,Meghan Trainor,1,2022,502574952,145,A#,Major,84,88,53,35,0,8,7
Watch This,"sped up nightcore, ARIZONATEARS, Lil Uzi Vert",3,2023,207033255,130,B,Minor,69,36,90,1,10,15,4
Lovers Rock,TV Girl,1,2014,466231982,105,F,Minor,56,57,87,0,1,10,4
METAMORPHOSIS,INTERWORLD,1,2021,357580552,175,G,Minor,59,15,64,43,90,12,10
En Paris,"El Chachito, Junior H",2,2022,198275403,139,D#,Minor,70,77,48,37,0,12,5
Set Me Free Pt.2,Jimin,1,2023,168448603,132,,Minor,59,56,82,12,0,12,6
I Was Never There,"The Weeknd, Gesaffelstein",2,2018,705469769,114,A#,Major,32,17,74,14,0,17,3
Don't ever say love me,"RM, Colde",2,2023,34502215,145,B,Minor,54,19,48,36,0,37,5
Shut Down,BLACKPINK,1,2022,482175240,110,,Major,82,67,69,0,0,18,4
Call Out My Name,The Weeknd,1,2018,1449799467,134,C#,Major,45,17,60,21,0,33,4
Sunroof,"Nicky Youre, Dazy",2,2021,652704649,131,A#,Major,77,84,71,35,0,15,4
Lose Yourself,Eminem,1,2002,1829992958,171,D,Major,70,6,73,1,0,36,26
Superman,"Eminem, Dina Rae",2,2002,655466831,130,E,Minor,80,64,76,2,0,20,6
People Pt.2,"IU, Agust D",2,2023,95816024,89,G,Minor,73,44,57,39,0,32,6
DOGTOOTH,"Tyler, The Creator",2,2023,80758350,78,G#,Major,71,80,65,51,0,22,32
SORRY NOT SORRY,"Tyler, The Creator",2,2023,58473276,96,F#,Minor,48,50,80,40,0,37,20
HAPPY,NF,1,2023,52722996,106,G,Major,73,22,86,31,0,12,4
I Know - PR1SVX Edit,"Kanii, PR1ISVX",2,2023,77377503,134,B,Minor,67,11,76,8,47,30,7
Late Night Talking,Harry Styles,1,2022,743693613,115,A#,Major,71,90,73,30,0,11,5
Save Your Tears,"Ariana Grande, The Weeknd",2,2020,1221813483,118,,Major,65,63,79,3,0,10,3
Something in the Orange,Zach Bryan,1,2022,449701773,110,G,Major,59,22,38,42,0,12,3
VOID,Melanie Martinez,1,2023,67070410,100,A,Major,72,42,66,18,4,19,4
Midnight Rain,Taylor Swift,1,2022,433356509,140,,Major,64,18,37,72,0,12,7
If We Ever Broke Up,Mae Stephens,1,2023,165584767,116,G,Major,90,96,73,62,0,9,4
You Proof,Morgan Wallen,1,2022,367814306,120,A,Major,73,64,85,25,0,61,3
Murder In My Mind,Kordhell,1,2022,448843705,120,A#,Major,71,57,97,1,0,13,11
Gangsta's Paradise,"Coolio, L.V.",2,1995,1357608774,80,G#,Major,63,40,61,9,0,56,6
CAIRO,"Karol G, Ovy On The Drums",2,2022,294352144,115,F,Minor,95,43,69,47,0,9,31
I Love You So,The Walters,1,2014,972164968,76,A#,Major,58,46,67,65,0,13,4
Dark Red,Steve Lacy,1,2017,920045682,172,F#,Major,60,77,78,45,0,12,6
Say You Won't Let Go,James Arthur,1,2016,2420461338,99,A#,Major,40,45,56,69,0,9,5
The Hills,The Weeknd,1,2015,1947371785,136,,Minor,36,12,57,9,0,14,8
Heart To Heart,Mac DeMarco,1,2019,244658767,150,G#,Minor,90,64,14,67,35,11,10
Peaches,Jack Black,1,2023,68216992,92,A#,Minor,71,41,31,79,0,10,5
Marisola - Remix,"Duki, NICKI NICOLE, Cris Mj, Standly, Stars Music Chile",5,2022,223582566,95,C#,Major,77,72,87,17,0,7,5
Low,SZA,1,2022,272377463,145,,Minor,70,34,55,43,0,16,6
Numb,Linkin Park,1,2003,1361425037,110,A,Major,50,24,86,0,0,64,4
on the street,"j-hope, J. Cole",2,2023,116599790,94,B,Minor,68,81,82,53,0,9,13
One Thing At A Time,Morgan Wallen,1,2022,148469433,142,G,Major,61,92,91,0,0,26,3
Miss You,"Robin Schulz, Oliver Tree",2,2022,497225336,145,F#,Minor,59,20,74,1,0,15,5
Ain't That Some,Morgan Wallen,1,2023,88791109,121,F#,Minor,64,67,80,0,0,36,3
Thinkin Bout Me,Morgan Wallen,1,2023,125917280,140,D#,Minor,66,43,76,49,0,12,3
Private Landing,"Don Toliver, Future, Justin Bieber",3,2023,105062254,137,C#,Minor,84,44,67,8,0,11,6
Everything I Love,Morgan Wallen,1,2023,95623148,104,G#,Major,56,72,85,0,0,15,3
Heaven,Niall Horan,1,2023,144584800,92,F,Major,57,68,76,7,0,33,3
LET GO,Central Cee,1,2022,298063749,146,D,Minor,74,51,45,86,0,21,38
I Wrote The Book,Morgan Wallen,1,2023,83021468,144,D,Major,68,83,81,9,0,8,4
SPIT IN MY FACE!,ThxSoMch,1,2022,303216294,94,G#,Major,73,65,79,5,2,11,6
Man Made A Bar,"Morgan Wallen, Eric Church",2,2023,58890931,148,E,Major,50,49,76,12,0,12,3
Red Ruby Da Sleeze,Nicki Minaj,1,2023,81419389,98,C#,Major,70,29,73,12,0,11,26
Kahani Suno 2.0,Kaifi Khalil,1,2022,156777415,140,B,Major,58,26,38,91,0,10,4
Nobody Gets Me,SZA,1,2022,284908316,100,G,Major,36,28,28,81,0,18,3
Hype Boy,NewJeans,1,2022,363472647,100,E,Minor,59,78,94,27,0,29,23
Bloody Mary,Lady Gaga,1,2011,372476382,100,A,Minor,59,49,65,2,0,13,3
98 Braves,Morgan Wallen,1,2023,56533272,142,D,Major,49,48,67,10,0,26,3
Thought You Should Know,Morgan Wallen,1,2022,203221468,140,F#,Major,53,51,70,49,0,14,3
In The End,Linkin Park,1,2000,1624165576,105,D#,Minor,55,40,90,1,0,32,6
I Like You (A Happier Song),"Post Malone, Doja Cat",2,2022,609293408,101,F,Major,74,43,69,12,0,12,7
Revenge,XXXTENTACION,1,2017,1022258230,140,B,Minor,75,18,25,78,0,11,26
Love Again,The Kid Laroi,1,2023,147538971,107,B,Minor,66,47,40,72,0,11,3
After Hours,The Weeknd,1,2020,698086140,109,F,Minor,66,16,57,10,1,12,3
Born With A Beer In My Hand,Morgan Wallen,1,2023,34450974,148,,Major,53,61,81,5,0,36,4
Besos Moja2,"Wisin & Yandel, ROSAL�",2,2022,309483971,94,F,Minor,74,64,73,6,0,10,6
Maan Meri Jaan,King,1,2022,319566866,96,F#,Minor,70,40,51,35,0,10,4
My Universe,"Coldplay, BTS",2,2021,1061966512,105,A,Major,58,42,68,1,0,14,4
Devil Don't Know,Morgan Wallen,1,2023,32526947,125,,Major,53,32,66,38,0,9,3
I'm Not Here To Make Friends,"Sam Smith, Calvin Harris, Jessie Reyez",3,2023,103787664,115,,Major,70,84,90,17,0,41,6
TRUSTFALL,P!nk,1,2023,134255790,122,G#,Major,64,25,89,0,0,15,9
ANTIFRAGILE,LE SSERAFIM,1,2022,301051721,105,A#,Minor,88,82,80,8,0,11,8
Boy's a liar,PinkPantheress,1,2022,156338624,133,F,Major,66,74,84,25,0,21,4
VIBE,"TAEYANG, Jimin",2,2023,152850295,100,,Major,79,60,68,7,0,26,4
Shirt,SZA,1,2022,309653982,120,D#,Minor,82,55,45,15,3,9,10
Lift Me Up,Rihanna,1,2022,297328960,177,A,Major,25,17,30,90,0,13,3
STAR WALKIN',Lil Nas X,1,2022,332506354,142,D,Minor,64,31,72,15,0,9,5
"Sex, Drugs, Etc.",Beach Weather,1,2016,480507035,144,E,Minor,57,47,84,1,1,52,4
Boy With Luv,"Halsey, BTS",2,2019,1065580332,120,B,Minor,65,80,86,9,0,19,10
"Hey, Mickey!",Baby Tate,1,2016,122763672,135,D,Major,92,73,51,55,0,15,6
Space Song,Beach House,1,2015,789753877,147,,Minor,51,62,79,22,13,14,3
Dreamers,"BTS, Jung Kook, FIFA Sound",3,2022,323358833,115,,Major,71,34,88,16,0,44,4
TV,Billie Eilish,1,2022,338564981,141,E,Minor,41,9,25,84,1,14,4
I'm Not The Only One,Sam Smith,1,2014,1606986953,82,F,Major,68,50,49,56,0,8,4
Heather,Conan Gray,1,2020,1301799902,92,F,Major,47,25,43,62,0,32,3
One Kiss (with Dua Lipa),"Calvin Harris, Dua Lipa",2,2017,1897517891,124,A,Minor,79,59,86,4,0,8,11
Sugar Rush Ride,TOMORROW X TOGETHER,1,2023,107642809,125,A#,Minor,71,83,89,1,0,17,9
Pink Venom,BLACKPINK,1,2022,551305895,90,,Major,80,71,69,2,0,27,10
WAIT FOR U,"Drake, Future, Tems",3,2022,556585270,83,C#,Major,46,34,64,31,0,7,34
Don't Start Now,Dua Lipa,1,2019,2303033973,124,B,Minor,79,68,79,1,0,10,8
After Dark,Mr.Kitty,1,2014,646886885,140,G#,Major,58,4,60,7,41,8,3
INDUSTRY BABY,"Jack Harlow, Lil Nas X",2,2021,1814349763,150,D#,Minor,74,89,70,2,0,5,6
MIDDLE OF THE NIGHT,Elley Duh�,1,2020,872137015,186,E,Minor,41,9,61,2,0,12,5
Atlantis,Seafret,1,2015,571386359,166,G#,Minor,40,23,48,5,0,12,3
PUNTO 40,"Baby Rasta, Rauw Alejandro",2,2022,304079786,107,,Major,87,20,83,0,4,31,9
How Do I Say Goodbye,Dean Lewis,1,2022,284785823,82,G#,Major,40,39,64,21,0,7,7
Blind,SZA,1,2022,163284000,114,A,Minor,46,60,28,91,0,21,4
Die For You,Joji,1,2022,246390068,148,G#,Major,47,15,52,38,13,29,5
Doja,Central Cee,1,2022,482257456,140,F#,Major,91,97,57,38,0,40,29
Gatita,Bellakath,1,2022,168684524,101,G,Major,90,76,81,15,24,33,6
Rumble,"Skrillex, Flowdan, Fred again..",3,2022,78489819,140,C#,Minor,81,6,84,5,23,6,6
Niagara Falls (Foot or 2),"Travis Scott, 21 Savage, Metro Boomin",3,2022,195516622,88,G,Minor,49,24,66,19,0,18,29
Super Freaky Girl,Nicki Minaj,1,2022,428685680,133,D,Major,95,91,89,6,0,31,24
Running Up That Hill (A Deal With God),Kate Bush,1,1985,1024858327,108,A#,Minor,63,20,55,72,0,6,6
Dream On,Aerosmith,1,1973,838586769,80,F,Minor,39,24,43,39,0,23,3
Limbo,Freddie Dredd,1,2022,199386237,75,B,Minor,80,46,62,3,6,11,46
Where Are You Now,"Lost Frequencies, Calum Scott",2,2021,972509632,121,F#,Minor,67,26,64,52,0,17,10
WORTH NOTHING,"Twisted, Oliver Tree",2,2022,213438580,140,D,Minor,58,17,62,18,0,20,8
Bad Habits,Ed Sheeran,1,2020,1555511105,126,B,Minor,81,59,90,5,0,36,3
KICK BACK,Kenshi Yonezu,1,2022,210038833,102,C#,Major,58,29,94,0,0,9,11
Evergreen,Omar Apollo,1,2022,227918678,82,A,Major,70,31,34,60,1,11,4
Good Days,SZA,1,2020,826623384,121,C#,Minor,46,53,78,23,0,72,6
Levitating,"Dua Lipa, DaBaby",2,2020,1802514301,103,F#,Minor,70,92,83,1,0,7,6
Woman,Doja Cat,1,2021,1329090101,108,F,Minor,82,88,76,9,0,12,9
Ferrari,"James Hype, Miggy Dela Rosa",2,2022,462791599,125,C#,Minor,84,70,69,1,0,5,5
"You're On Your Own, Kid",Taylor Swift,1,2022,348647203,120,D,Major,69,40,39,41,0,13,6
Payphone,"Maroon 5, Wiz Khalifa",2,2012,1479264469,110,E,Major,74,51,74,2,0,29,4
All I Want for Christmas Is You,Mariah Carey,1,1994,1449779435,150,G,Major,34,33,63,16,0,7,4
Last Christmas,Wham!,1,1984,1159176109,107,B,Minor,74,88,65,28,0,46,3
Rockin' Around The Christmas Tree,Brenda Lee,1,1958,769213520,140,G#,Major,70,85,41,71,0,45,5
Jingle Bell Rock,Bobby Helms,1,1957,741301563,119,D,Major,74,78,37,84,0,6,3
It's Beginning To Look A Lot Like Christmas,Michael Buble,1,2011,807561936,93,E,Major,35,38,23,91,0,29,3
Santa Tell Me,Ariana Grande,1,2013,834129063,133,G,Major,46,53,63,5,0,30,18
It's the Most Wonderful Time of the Year,Andy Williams,1,1963,663832097,202,G,Major,24,76,60,77,0,12,4
Let It Snow! Let It Snow! Let It Snow!,Dean Martin,1,1959,446390129,134,C#,Major,45,72,24,91,0,18,4
Snowman,Sia,1,2017,690104769,105,C#,Major,72,33,51,48,0,9,3
Underneath the Tree,Kelly Clarkson,1,2013,485285717,160,G#,Major,51,69,81,0,0,21,5
Holly Jolly Christmas,Michael Buble,1,2011,476244795,151,G,Major,65,70,47,87,0,9,4
Mistletoe,Justin Bieber,1,2011,629173063,162,F#,Minor,67,88,54,51,0,9,4
Sleigh Ride,The Ronettes,1,1963,404664135,92,D,Major,53,84,77,40,0,32,3
Seek & Destroy,SZA,1,2022,98709329,152,C#,Major,65,35,65,44,18,21,7
Love Language,SZA,1,2022,110849052,65,A,Minor,71,55,26,85,0,13,8
Happy Xmas (War Is Over),"John Lennon, The Harlem Community Choir, The Plastic Ono Band, Yoko Ono",4,1971,460492795,147,D,Major,33,39,61,32,0,77,3
Used,"SZA, Don Toliver",2,2022,94005786,150,A#,Minor,73,71,69,53,0,32,9
A Holly Jolly Christmas,Burl Ives,1,1952,395591396,140,,Major,67,81,36,64,0,15,3
The Christmas Song (Merry Christmas To You),Nat King Cole,1,1946,389771964,139,C#,Major,36,22,15,84,0,11,4
Wonderful Christmastime,Paul McCartney,1,1979,403939487,95,B,Major,75,74,58,36,0,9,3
Do They Know It's Christmas? - 1984 Version,Band Aid,1,1984,481697415,115,,Major,60,23,57,0,2,27,3
Ghost in the Machine,"SZA, Phoebe Bridgers",2,2022,110073250,125,F#,Major,62,59,43,84,3,11,5
Special,SZA,1,2022,88092256,76,,Major,60,19,20,78,0,11,5
Merry Christmas Everyone,Shakin' Stevens,1,1984,351636786,101,C#,Minor,72,91,87,14,0,13,3
Let It Snow! Let It Snow! Let It Snow!,"Frank Sinatra, B. Swanson Quartet",2,1950,473248298,143,D,Major,60,86,32,88,0,34,6
SOS,SZA,1,2022,73981293,119,G,Minor,51,51,66,67,0,9,23
Open Arms,"SZA, Travis Scott",2,2022,155653938,78,A,Major,67,22,59,76,1,15,16
White Christmas,"Bing Crosby, John Scott Trotter & His Orchestra, Ken Darby Singers",3,1942,395591396,96,A,Major,23,19,25,91,0,40,3
Driving Home for Christmas,Chris Rea,1,1986,429504768,180,A,Major,51,87,58,36,0,18,4
Christmas (Baby Please Come Home),Darlene Love,1,1963,242767149,126,D#,Major,34,35,76,39,0,8,5
Gone Girl,SZA,1,2022,65362788,150,F,Major,43,42,44,57,0,15,6
F2F,SZA,1,2022,67540165,90,D,Major,53,47,74,9,0,34,4
Notice Me,SZA,1,2022,62019074,160,F,Major,72,78,68,28,0,11,12
Merry Christmas,"Ed Sheeran, Elton John",2,2017,135723538,114,,Major,59,60,94,24,0,10,4
It's Beginning to Look a Lot Like Christmas,"Perry Como, The Fontane Sisters, Mitchell Ayres & His Orchestra",3,1958,295998468,113,G,Major,73,72,32,77,0,15,5
My Only Wish (This Year),Britney Spears,1,2000,261116938,147,,Major,67,69,72,17,0,19,3
Antidepresan,"Mabel Matiz, Mert Demir",2,2022,136689549,100,B,Minor,70,92,59,3,0,10,3
Wild Flower,RM,1,2022,135611421,155,G#,Major,49,42,77,3,0,12,9
I Hate U,SZA,1,2021,356709897,107,G,Minor,54,41,39,51,0,11,16
Raindrops (Insane),"Travis Scott, Metro Boomin",2,2022,110649992,112,G#,Major,80,15,54,9,0,38,5
SPIT IN MY FACE!,ThxSoMch,1,2022,301869854,166,C#,Major,70,57,57,9,20,11,7
Deck The Hall,Nat King Cole,1,1959,127027715,107,F#,Minor,69,96,36,81,0,8,4
Smoking on my Ex Pack,SZA,1,2022,57144458,81,G#,Major,47,33,68,24,0,22,38
Conceited,SZA,1,2022,56870689,150,C#,Major,79,77,46,5,0,11,7
Maroon,Taylor Swift,1,2022,317726339,108,G,Major,64,4,40,6,0,10,6
Bejeweled,Taylor Swift,1,2022,328207708,164,G,Major,70,39,56,6,0,9,7
You Make It Feel Like Christmas,"Gwen Stefani, Blake Shelton",2,2005,180577478,93,F,Major,63,93,88,1,0,12,4
Desesperados,"Chencho Corleone, Rauw Alejandro",2,2021,809306935,90,C#,Minor,87,51,69,36,0,9,8
Too Late,SZA,1,2022,49262961,128,B,Major,45,35,68,78,0,39,8
Run Rudolph Run - Single Version,Chuck Berry,1,1958,245350949,152,G,Minor,69,94,71,79,0,7,8
Jingle Bells,Frank Sinatra,1,1957,178660459,175,G#,Major,51,94,34,73,0,10,5
Far,SZA,1,2022,51641685,116,D,Major,61,48,55,67,0,16,8
On Time,"John Legend, Metro Boomin",2,2022,78139948,80,F,Minor,33,51,59,76,0,44,6
abcdefu,Gayle,1,2021,1007612429,122,E,Major,70,42,54,30,0,37,5
Sacrifice,The Weeknd,1,2022,326792833,122,G,Major,70,91,79,3,0,7,10
Is There Someone Else?,The Weeknd,1,2022,391251368,135,A,Minor,70,60,58,4,0,16,3
Fingers Crossed,"Lauren Spencer Smith, Lauren Spencer Smith, Lauren Spencer Smith",3,2022,349585590,109,F,Major,60,45,47,62,0,31,5
Out of Time,The Weeknd,1,2022,339659802,93,,Minor,65,82,74,27,0,32,5
Do It To It,"Cherish, ACRAZE",2,2021,674772936,125,B,Minor,85,64,81,2,5,7,9
We Don't Talk About Bruno,"Adassa, Mauro Castillo, Stephanie Beatriz, Encanto - Cast, Rhenzy Feliz, Diane Guerrero, Carolina Gaitan",7,2021,432719968,206,,Minor,58,83,45,36,0,11,8
Pepas,Farruko,1,2021,1309887447,130,G,Major,76,44,77,1,0,13,3
How Do I Make You Love Me?,The Weeknd,1,2022,119238316,121,G,Minor,80,62,51,2,0,9,8
Gasoline,The Weeknd,1,2022,116903579,123,F#,Minor,74,35,73,0,0,21,5
Infinity,Jaymes Young,1,2017,888046992,122,B,Minor,67,50,67,15,0,30,4
Less Than Zero,The Weeknd,1,2022,200660871,143,,Major,53,50,79,0,0,8,3
Take My Breath,The Weeknd,1,2021,130655803,121,A#,Minor,70,35,77,1,0,26,4
good 4 u,Olivia Rodrigo,1,2021,1887039593,166,F#,Minor,56,68,66,28,0,11,18
Here We Go... Again,"The Weeknd, Tyler, The Creator",3,2022,88103848,135,C#,Major,41,27,64,36,0,60,3
Best Friends,The Weeknd,1,2022,101114984,87,E,Minor,49,49,59,44,0,35,21
Kiss Me More,"SZA, Doja Cat",2,2021,1575467011,111,G#,Major,77,74,66,30,0,13,3
I Heard You're Married,"The Weeknd, Lil Wayne",2,2022,91656026,110,D,Major,75,85,84,10,0,31,19
Need To Know,Doja Cat,1,2021,1042568408,130,C#,Major,66,19,61,30,0,9,7
MONTERO (Call Me By Your Name),Lil Nas X,1,2020,1735441776,179,G#,Minor,61,76,51,30,0,38,15
love nwantiti (ah ah ah),Ckay,1,2019,726837877,93,F,Minor,74,53,73,61,0,13,4
Dawn FM,The Weeknd,1,2022,53933526,78,A,Minor,27,10,49,62,0,49,5
Surface Pressure,Jessica Darrow,1,2021,267758538,180,D,Major,65,37,58,2,0,4,31
Starry Eyes,The Weeknd,1,2022,74601456,86,A,Minor,28,13,41,50,0,19,3
THATS WHAT I WANT,Lil Nas X,1,2021,920797189,88,C#,Minor,74,55,85,1,0,5,22
One Right Now,"The Weeknd, Post Malone",2,2021,539595276,97,C#,Major,68,72,78,4,0,7,5
Beggin,Maneskin,1,2017,1367810478,134,B,Minor,71,59,80,13,0,36,5
MONEY,Lisa,1,2021,863625566,140,C#,Minor,83,40,55,16,0,14,23
The Motto,Ava Max,2,2021,656013912,118,G,Minor,75,46,76,3,0,9,4
Happier Than Ever,Billie Eilish,1,2021,1056760045,65,,Major,31,31,24,76,0,14,4
Moth To A Flame,"The Weeknd, Swedish House Mafia",2,2021,611994237,120,,Minor,56,16,67,0,0,11,4
Toxic,BoyWithUke,1,2021,582981380,180,G#,Minor,59,69,61,84,0,46,36
drivers license,Olivia Rodrigo,1,2021,1858144199,144,A#,Major,59,21,43,76,0,10,7
All Too Well,Taylor Swift,1,2021,583687007,93,,Major,63,21,52,28,0,9,3
Don't Break My Heart,The Weeknd,1,2022,63803529,122,A#,Major,77,25,62,34,0,23,3
Oh My God,Adele,1,2021,466214729,88,C#,Major,53,55,73,9,0,3,5
A Tale By Quincy,The Weeknd,1,2022,41924466,94,F,Minor,46,55,50,71,0,10,11
I AM WOMAN,Emmy Meli,1,2021,225259194,170,A#,Major,65,46,47,12,0,13,16
It'll Be Okay,Shawn Mendes,1,2021,287201015,78,G,Major,40,7,29,62,0,9,3
Softcore,The Neighbourhood,1,2018,599770206,94,D,Major,57,36,58,5,0,15,3
Super Gremlin,Kodak Black,1,2021,342779426,73,D,Major,83,11,41,0,0,36,14
love nwantiti (ah ah ah),"Ckay, AX'EL, Dj Yo!",3,2019,540539717,120,G#,Major,58,44,60,44,9,5,6
Smokin Out The Window,"Bruno Mars, Anderson .Paak, Silk Sonic",3,2021,383550148,82,D,Major,63,85,62,6,0,35,4
Meet Me At Our Spot,"THE ANXIETY, Willow, Tyler Cole",3,2020,530511203,95,D,Major,77,40,47,2,0,9,3
Every Angel is Terrifying,The Weeknd,1,2022,37307967,118,,Major,44,52,94,11,0,4,29
Peaches,"Justin Bieber, Daniel Caesar, Giveon",3,2021,1445941661,90,,Major,63,49,68,38,0,42,18
Better Days,"NEIKED, Mae Muller, Polo G",3,2021,421040617,110,,Minor,72,67,68,0,0,14,4
Life Goes On,Oliver Tree,1,2020,501541661,80,,Major,70,57,49,19,0,12,8
Sad Girlz Luv Money,"Kali Uchis, Amaarae, Moliy",3,2021,354065229,110,C#,Minor,86,31,53,43,0,11,6
Butter,BTS,1,2021,1143647827,110,G#,Major,79,70,36,0,0,6,11
pushin P,"Young Thug, Future, Gunna",3,2022,311395144,78,C#,Minor,77,49,42,1,1,13,19
You Right,"Doja Cat, The Weeknd",2,2021,672656250,129,G#,Major,83,44,62,2,0,8,6
deja vu,Olivia Rodrigo,1,2021,1256880657,181,A,Major,44,22,60,61,0,42,9
Dynamite,BTS,1,2020,1692897992,114,F#,Minor,75,74,77,1,0,9,10
TO THE MOON,Jnr Choi,1,2021,245095641,144,D,Major,74,39,65,5,1,11,35
Lost in the Fire,"The Weeknd, Gesaffelstein",2,2019,686734357,101,D,Major,66,18,68,9,0,12,4
Leave The Door Open,"Bruno Mars, Anderson .Paak, Silk Sonic",3,2021,1115880852,148,F,Major,59,72,62,18,0,9,3
Knife Talk,"Drake, Project Pat, 21 Savage",3,2021,594482982,146,F,Minor,85,22,37,13,0,7,30
Don't Be Shy,"Tiesto, Karol G",2,2021,566954746,120,B,Minor,77,51,79,20,0,26,6
The Family Madrigal,"Olga Merediz, Stephanie Beatriz, Encanto - Cast",3,2021,184937148,141,C#,Major,59,56,63,12,0,6,36
Phantom Regret by Jim,The Weeknd,1,2022,31959571,108,A,Minor,46,23,48,75,30,14,4
Dos Oruguitas,Sebastian Yatra,1,2021,167076418,94,,Major,42,47,36,76,0,9,5
Freaks,Surf Curse,1,2015,824420218,180,A,Major,35,41,94,0,63,5,5
Acapulco,Jason Derulo,1,2021,363467642,122,A#,Major,77,51,79,5,0,16,5
Daddy Issues,The Neighbourhood,1,2015,1127468248,85,A#,Major,59,33,52,7,15,12,3
thought i was playing,"21 Savage, Gunna",2,2022,60680939,148,C#,Major,68,29,73,0,0,7,7
ELEVEN,IVE,1,2021,247737946,120,A,Major,83,59,73,6,0,5,11
Mood,"24kgoldn, Iann Dior",2,2020,1699402402,91,G,Minor,70,76,72,22,0,27,4
What Else Can I Do?,"Stephanie Beatriz, Diane Guerrero",2,2021,154797871,120,E,Major,72,54,71,26,0,10,4
Miserable Man,David Kushner,1,2022,124407432,110,A#,Major,63,31,35,93,0,29,3
happier,Olivia Rodrigo,1,2021,850608354,169,F#,Major,39,36,45,81,0,8,13
Praise God,Kanye West,1,2021,376333030,118,C#,Major,80,21,55,1,0,26,17
Get Into It (Yuh),Doja Cat,1,2021,516784627,92,G#,Minor,91,79,66,32,0,9,16
Before You Go,Lewis Capaldi,1,2019,1608045237,112,D#,Major,45,19,60,63,0,9,6
Sky,Playboi Carti,1,2020,506778838,140,D,Major,79,56,91,26,0,13,21
Rolling in the Deep,Adele,1,2010,1472799873,105,G#,Major,73,52,76,13,0,5,3
Sobrio,Maluma,1,2021,513643924,178,F,Major,76,63,77,14,0,15,22
Peru,"Ed Sheeran, Fireboy DML",2,2021,261286503,108,G,Minor,96,71,42,57,0,8,9
favorite crime,Olivia Rodrigo,1,2021,783706581,173,A,Major,40,19,29,86,0,34,4
Thunder,"Prezioso, Gabry Ponte, LUM!X",3,2021,422691058,101,C#,Major,67,40,90,3,0,34,6
The Business,Tiesto,1,2020,1062345656,120,G#,Minor,80,24,62,41,2,11,23
positions,Ariana Grande,1,2020,1252563873,144,,Major,73,66,80,44,0,9,12
I WANNA BE YOUR SLAVE,Maneskin,1,2021,851070493,133,C#,Major,75,96,61,0,0,18,4
The Feels,TWICE,1,2021,345903614,120,A,Major,81,92,90,9,0,8,7
HEARTBREAK ANNIVERSARY,Giveon,1,2020,951637566,129,,Major,61,59,46,56,0,13,5
No Lie,"Sean Paul, Dua Lipa",2,2016,956865266,102,G,Major,74,45,89,5,0,26,13
OUT OUT,"Charli XCX, Jax Jones, Joel Corry, Saweetie",4,2021,427486004,124,G#,Minor,79,79,84,2,0,5,5
Pope Is a Rockstar,SALES,1,2016,156658366,90,E,Minor,73,31,45,85,24,11,3
2055,Sleepy hallow,1,2021,624515457,161,F#,Minor,78,65,52,46,0,12,31
Bored,Billie Eilish,1,2017,777765388,120,G,Major,60,11,33,90,0,8,5
Happier Than Ever - Edit,Billie Eilish,1,2021,412795151,81,,Major,45,12,57,7,0,23,3
Astronaut In The Ocean,Masked Wolf,1,2019,1138474110,150,E,Minor,78,47,70,18,0,15,9
Every Summertime,NIKI,1,2021,290228626,79,F#,Major,63,76,67,38,0,6,4
Talking To The Moon,Bruno Mars,1,2010,1062956628,146,C#,Minor,52,7,61,51,0,11,3
you broke me first,Tate McRae,1,2020,1180094974,124,E,Major,64,8,37,79,0,9,5
The Nights,Avicii,1,2014,1456081449,126,F#,Major,53,66,85,2,0,24,4
Take My Breath,The Weeknd,1,2021,432702334,121,G#,Major,75,53,74,2,0,11,5
Way 2 Sexy,"Drake, Future, Young Thug",3,2021,489945871,136,B,Minor,80,33,60,0,0,32,14
Enemy,"Imagine Dragons, League of Legends, Arcane",3,2021,1223481149,77,G,Major,73,54,74,23,0,41,23
Dance Monkey,Tones and I,1,2019,2864791672,98,F#,Minor,82,54,59,69,0,18,10
Lucid Dreams,Juice WRLD,1,2017,2288695111,84,B,Minor,44,22,48,38,0,33,24
All of Me,John Legend,1,2013,2086124197,120,G#,Major,42,33,26,92,0,13,3
Smells Like Teen Spirit,Nirvana,1,1991,1690192927,117,C#,Major,52,73,91,0,0,11,7
Arcade,Duncan Laurence,1,2019,991336132,72,A,Minor,45,27,33,82,0,14,4
Fair Trade (with Travis Scott),"Drake, Travis Scott",2,2021,593917618,168,C#,Major,67,29,47,5,0,22,26
Bar,"Tini, L-Gante",2,2021,200972675,94,C#,Major,52,68,69,13,0,33,8
The Rumbling (TV Size),SiM,1,2022,71014967,145,G#,Major,41,65,88,0,0,26,5
family ties (with Kendrick Lamar),"Kendrick Lamar, Baby Keem",2,2021,560222750,134,C#,Major,71,14,61,1,0,23,33
Mr. Brightside,The Killers,1,2003,1806617704,148,C#,Major,35,24,93,0,0,10,8
Blessed-Cursed,ENHYPEN,1,2022,77337771,127,E,Minor,60,40,89,9,0,60,6
Streets,Doja Cat,1,2019,865640097,90,B,Major,75,19,46,21,4,34,8
Shallow,"Lady Gaga, Bradley Cooper",2,2018,2159346687,96,G,Major,57,30,40,38,0,26,3
Polaroid Love,ENHYPEN,1,2022,211372494,138,G,Minor,74,65,67,46,0,36,4
Leave Before You Love Me (with Jonas Brothers),"Marshmello, Jonas Brothers",2,2021,651732901,120,G,Major,72,67,72,0,0,13,4
Permission to Dance,BTS,1,2021,608334048,125,A,Major,70,65,74,1,0,34,4
Friday,"Riton, Nightcrawlers, Mufasa & Hypeman, Dopamine",4,2021,863756573,123,D,Major,82,80,86,1,0,30,13
RAPSTAR,Polo G,1,2021,797402345,81,F#,Major,79,44,54,41,0,13,24
'Till I Collapse,"Eminem, Nate Dogg",2,2002,1695712020,171,C#,Major,55,10,85,7,0,8,20
Memories,Maroon 5,1,2019,1759567999,91,B,Major,77,60,32,84,0,8,5
25k jacket,"Gunna, Lil Baby",2,2022,54937991,115,F,Minor,90,74,54,16,0,13,28
When I'm Gone,"Katy Perry, Alesso",2,2021,226897599,125,,Major,69,70,89,4,0,49,3
MAMIII,"Karol G, Becky G",2,2022,716591492,94,E,Minor,84,90,70,9,0,14,8
Still D.R.E.,"Dr. Dre, Snoop Dogg",2,1999,1210599487,93,B,Major,81,53,78,18,0,6,24
Stay Alive,Jung Kook,1,2022,246376690,130,D,Minor,51,50,76,30,0,10,7
Boyfriend,Dove Cameron,1,2022,496311364,180,G,Minor,35,23,61,23,0,19,6
The Joker And The Queen,"Ed Sheeran, Taylor Swift",2,2022,146789379,134,,Major,53,31,31,92,0,28,3
The Next Episode,"Dr. Dre, Snoop Dogg",2,1999,843309044,95,D#,Minor,92,31,89,3,0,8,25
Light Switch,Charlie Puth,1,2022,500340342,184,F#,Major,69,91,63,11,0,9,31
City of Gods,"Kanye West, Alicia Keys, Fivio Foreign",3,2022,107255472,147,G#,Minor,47,50,80,10,0,32,38
Brividi,"Mahmood, Blanco",2,2022,135079152,123,G,Major,52,44,60,40,0,26,3
Lost,Frank Ocean,1,2012,822239726,123,A#,Minor,91,49,61,3,0,17,22
In Da Club,50 Cent,1,2002,1202722675,90,F#,Minor,90,79,71,26,0,7,37
she's all i wanna be,Tate McRae,1,2022,343197054,160,D,Minor,61,65,64,1,0,12,4
All For Us,"Labrinth, Zendaya",2,2019,426204830,141,D#,Major,37,17,67,2,0,34,9
Notion,The Rare Occasions,1,2016,421135627,160,A,Major,31,30,88,7,0,8,8
Formula,Labrinth,1,2019,554875730,145,B,Major,57,23,66,4,6,15,4
Mount Everest,Labrinth,1,2019,467727006,89,,Minor,46,43,43,23,8,8,22
Excuses,"Intense, AP Dhillon, Gurinder Gill",3,2020,327498031,95,F,Minor,84,49,72,8,0,15,8
Cigarettes,Juice WRLD,1,2021,185408548,160,D,Major,60,47,62,3,0,38,4
California Love,"Dr. Dre, 2Pac, Roger",3,1995,579395142,92,G,Major,77,76,84,3,0,38,4
Forgot About Dre,"Eminem, Dr. Dre",2,1999,675039469,134,G#,Major,93,61,74,9,0,17,8
Down Under,"Luude, Colin Hay",2,2021,252871192,172,B,Minor,31,4,86,1,0,28,17
HUMBLE.,Kendrick Lamar,1,2017,1929770265,150,C#,Minor,91,42,60,0,0,9,12
Stan,"Eminem, Dido",2,1999,918915401,80,F#,Minor,78,53,74,4,0,45,21
Contection,"GODZZ__-, Zakaria",2,2020,1180896317,166,A#,Minor,81,83,75,14,0,29,34
Swim,Chase Atlantic,1,2017,498960285,120,G#,Major,67,8,54,27,0,8,4
Numb Little Bug,Em Beihold,1,2022,258714692,85,G#,Minor,74,61,52,30,0,26,9
212,"Mainstreet, Chefin",2,2022,143139338,154,D,Minor,79,86,52,66,0,9,7
Bussin,"Nicki Minaj, Lil Baby",2,2022,64714573,140,B,Major,89,75,70,6,0,13,5
Worst Day,Future,1,2022,50746620,89,C#,Major,65,60,60,11,0,10,40
Hrs and Hrs,Muni Long,1,2021,181328253,140,G#,Minor,51,66,53,60,0,11,18
Alien Blues,Vundabar,1,2015,370068639,82,D#,Major,47,44,76,8,91,9,3
Thinking Out Loud,Ed Sheeran,1,2014,2280566092,79,D,Major,78,58,45,47,0,18,3
Still Don't Know My Name,Labrinth,1,2019,563902868,88,F,Major,31,31,63,47,27,21,12
Christmas Tree,V,1,2021,317622165,139,F,Major,44,18,38,70,0,12,4
When I R.I.P.,Labrinth,1,2019,203680270,80,G#,Minor,39,45,55,73,0,9,21
Do We Have A Problem?,"Nicki Minaj, Lil Baby",2,2022,81350745,120,C#,Minor,84,54,51,47,0,12,40
Forever,Labrinth,1,2019,282883169,80,E,Minor,56,19,46,92,72,11,3
Gospel,"Eminem, Dr. Dre",2,2022,64787943,117,C#,Major,92,62,86,11,0,24,24
Senorita,"Shawn Mendes, Camila Cabello",2,2019,2484812918,117,A,Minor,76,77,52,4,0,8,3
NEW MAGIC WAND,"Tyler, The Creator",2,2019,461437791,140,F,Minor,62,46,73,10,0,67,11
Adore You,Harry Styles,1,2019,1439191367,99,G#,Major,68,57,77,2,0,10,5
Something In The Way,Nirvana,1,1991,368646862,106,G#,Major,44,8,20,74,42,11,3
Sweetest Pie,"Dua Lipa, Megan Thee Stallion",2,2022,299634472,124,G,Major,81,68,63,17,0,10,22
Bam Bam,"Camila Cabello, Ed Sheeran",2,2022,756907987,95,G#,Major,76,96,70,18,0,33,4
Envolver,Anitta,1,2021,546191065,92,E,Minor,81,40,73,15,0,9,8
Starlight,Dave,1,2022,229473310,124,G,Major,95,36,37,35,0,10,28
I'm Tired,Labrinth,1,2022,121913181,71,,Minor,28,26,20,19,0,30,3
Jordan,Ryan Castro,1,2021,394030335,180,A#,Minor,80,71,68,6,0,10,37
Nail Tech,Jack Harlow,1,2022,193443895,150,E,Minor,65,11,58,0,0,12,9
DARARI,Treasure,1,2022,182978249,85,,Major,72,55,64,49,0,7,4
Freaky Deaky,"Tyga, Doja Cat",2,2022,153240879,104,D,Minor,80,24,65,2,0,9,4
this is what falling in love feels like,JVKE,1,2021,346127840,129,B,Major,42,33,44,62,0,8,6
Bohemian Rhapsody,Queen,1,1975,2197010679,71,,Minor,41,23,40,27,0,30,5
Hope,XXXTENTACION,1,2018,1200808494,146,A,Minor,59,23,46,66,0,15,6
Levitating,Dua Lipa,1,2020,797196073,103,F#,Minor,69,90,88,5,0,29,8
Wake Me Up,Avicii,1,2013,1970673297,124,D,Major,53,66,78,0,0,16,5
"jealousy, jealousy",Olivia Rodrigo,1,2021,665765558,164,A#,Minor,70,71,58,24,0,7,13
Something Just Like This,"The Chainsmokers, Coldplay",2,2017,2204080728,103,B,Minor,61,47,65,3,0,17,4
Closer,"The Chainsmokers, Halsey",2,2016,2591224264,95,G#,Major,75,64,52,41,0,11,3
O.O,NMIXX,1,2022,135444283,200,B,Minor,39,28,77,4,0,6,29
Somebody That I Used To Know,"Gotye, Kimbra",2,2011,1457139296,129,,Major,86,75,52,54,0,10,4
Tom's Diner,"AnnenMayKantereit, Giant Rooks",2,2019,236872197,98,F#,Minor,68,33,43,38,0,36,14
First Class,Jack Harlow,1,2022,694525298,107,G#,Major,91,32,56,3,0,11,10
Plan A,Paulo Londra,1,2022,240661097,174,,Major,58,56,83,5,0,7,4
When You're Gone,Shawn Mendes,1,2022,255120451,147,F,Major,60,58,69,2,0,58,4
In My Head,Lil Tjay,1,2022,190981339,143,C#,Major,68,41,55,16,0,10,12
Wait a Minute!,Willow,1,2015,924193303,101,D#,Minor,76,63,71,3,0,10,3
LOVE DIVE,IVE,1,2022,305771063,118,C#,Minor,70,54,71,0,0,33,4
Chance,Paulo Londra,1,2022,89566512,138,C#,Minor,72,22,46,24,0,9,6
Cool for the Summer,Demi Lovato,1,2015,677389855,114,F,Minor,59,30,62,1,0,8,4
psychofreak,"Camila Cabello, Willow",2,2022,75476209,180,G,Minor,63,45,64,34,0,9,8
Angel Baby,Troye Sivan,1,2021,408843328,145,B,Major,56,41,57,1,0,13,3
Right On,Lil Baby,1,2022,101780047,166,D,Major,70,22,61,2,0,10,34
That's Hilarious,Charlie Puth,1,2022,146363130,108,F#,Major,71,55,44,74,0,11,6
Falling,Harry Styles,1,2019,1023187129,110,E,Major,57,6,27,84,0,9,3
Sigue,"Ed Sheeran, J Balvin",2,1996,106933107,88,G,Major,89,59,64,5,0,19,7
MANIAC,Stray Kids,1,2022,212234990,120,C#,Major,58,71,80,15,0,7,41
There's Nothing Holdin' Me Back,Shawn Mendes,1,2016,1714490998,122,D,Major,86,97,80,36,0,9,6
IDGAF,"Blackbear, BoyWithUke",2,2022,197643795,98,F,Major,78,83,75,41,0,27,8
Golden,Harry Styles,1,2019,807015863,140,E,Minor,45,25,84,21,0,13,6
Get Lucky,"Pharrell Williams, Nile Rodgers, Daft Punk",3,2013,933815613,116,F#,Minor,79,87,81,4,0,10,4
Nobody Like U,"Jordan Fisher, Josh Levi, Finneas O'Connell, 4*TOWN (From Disney and Pixar���s Turning Red), Topher Ngo, Grayson Vill",6,2022,120847157,105,A,Minor,91,73,72,13,0,9,15
Still Life,BIGBANG,1,2022,53909146,118,G#,Major,68,24,58,44,0,6,3
Photograph,Ed Sheeran,1,2014,2236667932,108,E,Major,61,20,38,61,0,10,5
Love Yourself,Justin Bieber,1,2015,2123309722,100,E,Major,61,53,38,84,0,28,44
N95,Kendrick Lamar,1,2022,301242089,140,D#,Minor,81,39,66,38,0,12,14
Die Hard,"Kendrick Lamar, Blxst, Amanda Reifer",3,2022,237351106,101,C#,Minor,78,40,74,36,0,17,27
United In Grief,Kendrick Lamar,1,2022,156898322,87,G#,Major,52,32,83,24,0,17,43
Father Time,"Kendrick Lamar, Sampha",2,2022,127309180,153,A#,Minor,55,50,78,19,0,11,35
Rich Spirit,Kendrick Lamar,1,2022,173702135,96,A#,Minor,85,41,43,39,0,12,21
Cooped Up,"Post Malone, Roddy Ricch",2,2022,271666301,125,,Major,50,39,78,4,0,11,33
Silent Hill,"Kendrick Lamar, Kodak Black",2,2022,123216717,140,C#,Minor,92,78,57,46,0,14,9
Count Me Out,Kendrick Lamar,1,2022,126191104,134,G,Major,78,51,43,69,0,14,9
We Cry Together,"Kendrick Lamar, Taylour Paige",2,2022,68895644,108,B,Major,65,52,69,31,0,8,36
Savior,"Kendrick Lamar, Sam Dew, Baby Keem",3,2022,86176890,123,G#,Major,61,66,71,53,0,32,46
Worldwide Steppers,Kendrick Lamar,1,2022,61739839,72,A#,Minor,56,56,47,76,0,8,36
Purple Hearts,"Kendrick Lamar, Ghostface Killah, Summer Walker",3,2022,76831876,138,D#,Minor,57,71,82,19,0,15,29
ULTRA SOLO,"Polima WestCoast, Pailita",2,2022,307752576,110,C#,Major,80,26,85,23,0,11,21
Dua Lipa,Jack Harlow,1,2022,150500965,158,B,Major,83,41,65,0,10,11,8
House Of Memories,Panic! At The Disco,1,2016,582863434,110,B,Minor,51,48,82,0,0,5,3
Mr. Morale,"Kendrick Lamar, Tanna Leone",2,2022,58687425,174,A,Major,73,26,54,30,0,34,32
That That,"PSY, Suga",2,2022,212109195,130,E,Major,91,91,96,3,0,3,9
In The Stars,Benson Boone,1,2022,382199619,78,A#,Major,36,30,54,34,0,14,5
Rich,Kendrick Lamar,1,2022,41210087,104,G,Major,44,74,42,88,0,9,9
SUPERMODEL,Maneskin,1,2022,231657891,121,G,Major,64,80,88,0,0,12,6
Thousand Miles,The Kid Laroi,1,2022,244741137,81,G,Major,38,20,66,9,0,9,8
Crown,Kendrick Lamar,1,2022,42485571,170,C#,Minor,37,14,24,80,0,11,4
Auntie Diaries,Kendrick Lamar,1,2022,37778188,78,G,Major,43,60,38,76,1,48,38
PUFFIN ON ZOOTIEZ,Future,1,2022,254218729,125,G#,Major,88,28,66,6,0,13,31
Mirror,Kendrick Lamar,1,2022,53603447,92,E,Minor,66,29,65,23,0,8,7
Beautiful Girl,Luciano,1,2022,160035717,140,B,Minor,84,61,42,31,0,9,9
Savior,Kendrick Lamar,1,2022,37091576,118,F,Minor,66,83,43,84,0,19,19
Mother I Sober,"Kendrick Lamar, Beth Gibbons",2,2022,33381454,140,G#,Minor,49,50,37,87,0,11,35
Where Did You Go?,"MNEK, Jax Jones",2,2022,300983101,127,A#,Major,77,53,78,19,0,29,4
I Tried to Tell Y'all,"Ugly Dray, Tesla Jnr",2,2022,121077868,96,B,Major,71,37,52,62,0,11,36
Honest,"Justin Bieber, Don Toliver",2,2022,106919680,150,G#,Minor,82,82,66,13,0,11,6
ZOOM,Jessi,1,2022,136996305,100,F#,Major,87,46,60,1,0,13,16
SloMo,Chanel,1,2021,65719930,105,C#,Minor,73,59,81,13,0,9,6
FEARLESS,LE SSERAFIM,1,2022,229497852,104,G,Major,86,43,62,5,0,13,14
10 Things I Hate About You,Leah Kate,1,2022,185550869,154,G#,Major,54,45,79,1,0,17,5
SPACE MAN,Sam Ryder,1,2022,54682594,80,B,Major,47,33,83,18,0,10,5
With you,"HA SUNG WOON, Jimin",2,2022,240580042,150,D#,Major,53,14,43,64,0,13,3
Iris,The Goo Goo Dolls,1,1998,1284942608,156,B,Minor,32,49,72,0,0,9,4
The Heart Part 5,Kendrick Lamar,1,2022,71423324,98,G#,Minor,76,79,81,18,0,6,34
San Lucas,Kevin Kaarl,1,2019,244891912,92,G,Major,58,27,36,86,0,9,3
This Love,Taylor Swift,1,2022,132171975,144,E,Major,47,7,50,32,0,7,4
Good Looking,Suki Waterhouse,1,2017,184706613,150,E,Major,37,27,56,8,0,13,3
Flowers,Lauren Spencer Smith,1,2021,184826429,138,D#,Major,70,31,44,84,0,9,39
Yet To Come,BTS,1,2022,302006641,172,C#,Major,56,68,89,4,0,33,19
Run BTS,BTS,1,2022,330881149,77,G#,Major,72,70,82,2,0,4,17
Music For a Sushi Restaurant,Harry Styles,1,2022,334733572,107,B,Major,72,36,72,26,6,11,4
Matilda,Harry Styles,1,2022,366214458,114,D,Major,51,39,29,90,0,10,4
For Youth,BTS,1,2022,114546317,117,D,Major,63,29,51,43,0,25,4
Daylight,Harry Styles,1,2022,290833204,146,,Major,69,63,45,48,0,18,4
Vegas,Doja Cat,1,2022,448500832,160,G#,Minor,80,74,60,8,0,14,26
Cash In Cash Out,"Pharrell Williams, Tyler, The Creator, 21 Savage",4,2022,136676504,120,G,Major,88,15,56,1,0,8,6
Potion,"Calvin Harris, Dua Lipa, Young Thug",3,2022,190625045,100,B,Minor,82,76,70,16,0,8,5
Born Singer,BTS,1,2022,79095270,158,G#,Minor,60,68,84,4,0,24,11
Little Freak,Harry Styles,1,2022,273194684,142,D#,Major,56,40,54,72,0,10,4
True Love,"Kanye West, XXXTENTACION",2,2022,194902696,84,F,Minor,71,39,86,2,0,51,25
Satellite,Harry Styles,1,2022,311482393,139,,Major,58,30,46,14,0,9,3
Pass The Dutchie,Musical Youth,1,1982,195918494,151,G,Major,73,88,67,20,0,32,5
Love Of My Life,Harry Styles,1,2022,233671263,118,G,Major,56,20,54,67,0,6,5
Grapejuice,Harry Styles,1,2022,199587884,183,F,Major,65,88,72,36,14,20,3
So Good,Halsey,1,2022,91781263,83,D#,Minor,63,29,62,4,0,18,4
Belly Dancer,"BYOR, Imanbek",2,2022,383835984,122,C#,Major,85,42,80,6,0,17,14
Keep Driving,Harry Styles,1,2022,236060709,165,A,Major,72,90,48,32,0,18,23
Cinema,Harry Styles,1,2022,189236868,106,A,Minor,83,90,64,35,5,9,4
Die Young,"Sleepy hallow, 347aidan",2,2022,160845341,77,B,Major,81,68,58,83,0,11,34
Only Love Can Hurt Like This,Paloma Faith,1,2014,588955257,91,G#,Major,57,30,89,10,0,33,8
Hold My Hand,Lady Gaga,1,2022,238350348,148,G,Major,51,21,63,5,0,41,3
Daydreaming,Harry Styles,1,2022,187703102,114,E,Minor,71,90,81,31,2,13,3
Numb,"Marshmello, Khalid",2,2022,295307001,120,,Minor,91,63,77,12,1,10,5
Me and Your Mama,Childish Gambino,1,2016,445590495,118,F,Major,56,25,45,1,3,7,3
Crazy What Love Can Do,"David Guetta, Ella Henderson, Becky Hill",3,2022,286739476,123,E,Minor,60,46,71,3,0,16,4
SLOW DANCING IN THE DARK,Joji,1,2018,1122364376,89,D#,Major,52,28,48,54,1,19,3
Boyfriends,Harry Styles,1,2022,137070925,118,,Major,42,32,20,94,0,11,4
Master of Puppets,Metallica,1,1986,704171068,105,E,Minor,54,59,83,0,44,20,4
BREAK MY SOUL,Beyonce,1,2022,354614964,115,C#,Minor,70,87,88,4,0,26,8
Massive,Drake,1,2022,195628667,125,E,Minor,51,5,68,12,2,15,6
Betty (Get Money),Yung Gravy,1,2022,221752937,102,C#,Major,73,62,75,0,0,34,8
POP!,Nayeon,1,2022,213505179,97,D,Major,80,36,86,4,0,3,5
MORE,j-hope,1,2022,155795783,97,D,Major,78,31,72,1,0,11,4
Sweet Child O' Mine,Guns N' Roses,1,1987,1553497987,125,F#,Major,45,67,90,9,11,10,5
Last Last,Burna Boy,1,2022,293466523,88,D#,Minor,80,55,56,13,0,8,9
SNAP,Rosa Linn,1,2022,711366595,170,,Major,56,52,64,11,0,45,7
Sticky,Drake,1,2022,191448892,137,A#,Minor,88,8,49,9,0,9,14
La Loto,"Anitta, Tini, Becky G",3,2022,121189256,90,C#,Major,85,80,83,10,0,8,11
die first,Nessa Barrett,1,2022,131746175,183,G#,Minor,44,44,67,7,0,12,13
Afraid To Feel,LF System,1,2022,244790012,128,C#,Major,58,68,91,2,0,27,11
Bad Decisions,"Snoop Dogg, BTS, Benny Blanco",3,2022,219196651,120,,Major,77,94,87,2,0,23,12
STAYING ALIVE,"Drake, DJ Khaled, Lil Baby",3,2022,170732845,130,E,Minor,72,18,46,7,0,28,8
GIVENCHY,Duki,1,2022,185236961,103,G#,Major,61,38,62,14,0,23,40
ALIEN SUPERSTAR,Beyonce,1,2022,171788484,122,A#,Minor,55,46,64,0,0,17,10
Mary On A Cross,Ghost,1,2019,387080183,130,B,Major,47,56,90,0,0,10,4
Attention,NewJeans,1,2022,264717480,105,A#,Minor,81,70,65,24,0,8,4
THE SHADE,Rex Orange County,1,2022,244928911,120,F,Major,90,73,51,39,0,9,6
Come Back Home,Sofia Carson,1,2022,97610446,145,G,Major,56,43,53,24,0,12,4
Heartless,Kanye West,1,2008,887906111,88,A#,Minor,79,66,65,5,0,25,14
Stay With Me,"Calvin Harris, Halsey, Pharrell Williams, Justin Timberlake",4,2022,123473120,126,A,Major,81,90,73,28,0,29,4
JGL,"Luis R Conriquez, La Adictiva",2,2022,323455692,113,G#,Major,70,97,59,55,0,27,12
Don't You Worry,"David Guetta, Shakira, Black Eyed Peas",3,2022,240918092,132,B,Major,82,49,88,20,0,21,3
Pipoco,"Melody, Ana Castela, Dj Chris No Beat",3,2022,191873381,135,G#,Major,77,74,74,47,0,34,8
Hold Me Closer,"Elton John, Britney Spears",2,2017,284216603,126,,Major,67,49,77,11,0,19,11
Forget Me,Lewis Capaldi,1,2022,239411309,102,C#,Minor,67,72,74,30,0,36,4
After LIKE,IVE,1,2022,265548837,125,,Major,68,80,92,10,0,9,12
Bound 2,Kanye West,1,2013,703301727,149,C#,Major,37,28,66,14,0,9,5
B.O.T.A. (Baddest Of Them All),"Interplanetary Criminal, Eliza Rose",2,2022,244585109,137,,Major,74,71,89,24,61,15,5
Talk that Talk,TWICE,1,2022,189476119,120,D#,Minor,77,78,91,14,0,33,12
BILLIE EILISH.,Armani White,1,2022,277132266,100,C#,Major,90,75,50,11,0,9,26
KU LO SA - A COLORS SHOW,Oxlade,1,2022,222410722,93,A#,Minor,65,79,66,31,0,22,7
Static,Steve Lacy,1,2022,202452860,79,C#,Major,34,22,31,43,63,10,7
The Scientist,Coldplay,1,2002,1608164312,146,F,Major,56,21,44,73,0,11,2
Sparks,Coldplay,1,2000,624101957,103,C#,Major,37,17,27,75,5,10,3
Talk,YEAT,1,2022,148461629,140,E,Minor,70,26,76,8,0,54,23
Selfish,PnB Rock,1,2016,380319238,102,C#,Minor,64,4,60,11,0,19,4
Poland,Lil Yachty,1,2022,115331792,150,F,Minor,70,26,56,14,83,11,5
THE LONELIEST,Maneskin,1,2022,225093344,130,D,Major,52,24,60,0,0,8,3
Bye Bye,"Marshmello, Juice WRLD",2,2022,84697729,83,D#,Minor,65,24,53,6,0,51,4
BABY OTAKU,"Fran C, Polima WestCoast, Nickoog Clk, Pablito Pesadilla",4,2022,159240673,102,A,Major,84,43,75,5,0,6,8
Nxde,(G)I-DLE,1,2022,170709584,136,E,Minor,73,65,91,4,0,48,18
Miss You,Southstar,1,1982,154356956,145,A,Major,66,24,58,17,0,19,5
we fell in love in october,girl in red,1,2018,723043854,130,G,Major,57,24,37,11,18,16,3
2 Be Loved (Am I Ready),Lizzo,1,2022,247689123,156,G,Major,72,92,77,9,0,8,11
Celestial,Ed Sheeran,1,2022,176474912,123,D,Major,57,50,85,5,0,16,4
Typa Girl,BLACKPINK,1,2022,235549288,132,G,Major,92,53,62,7,0,63,10
I Really Want to Stay at Your House,"Rosa Walton, Hallie Coggins",2,2020,140430339,125,D#,Minor,49,13,74,0,0,9,4
California Breeze,Lil Baby,1,2022,85559365,162,F,Minor,74,22,67,0,0,11,46
Major Distribution,"Drake, 21 Savage",2,2022,154863153,131,G#,Minor,91,23,55,1,0,7,32
Question...?,Taylor Swift,1,2022,223064273,109,G,Major,75,11,50,20,0,30,17
On BS,"Drake, 21 Savage",2,2022,170413877,158,A,Major,84,33,36,2,0,39,59
Mastermind,Taylor Swift,1,2022,218320587,126,E,Major,66,12,35,55,0,9,14
Circo Loco,"Drake, 21 Savage",2,2022,141720999,104,C#,Major,73,25,61,1,0,32,7
Labyrinth,Taylor Swift,1,2022,187339835,110,,Major,48,15,31,80,22,12,4
Spin Bout U,"Drake, 21 Savage",2,2022,198365537,130,G,Major,77,20,70,1,0,16,5
Sweet Nothing,Taylor Swift,1,2022,186104310,177,,Major,34,39,16,97,0,12,5
"Would've, Could've, Should've",Taylor Swift,1,2022,177503916,158,G,Major,48,55,84,43,0,15,12
Privileged Rappers,"Drake, 21 Savage",2,2022,112436403,144,F,Major,93,62,61,0,0,12,20
The Astronaut,Jin,1,2022,203436468,125,F,Major,54,22,76,0,0,14,3
BackOutsideBoyz,Drake,1,2022,93367537,142,F,Minor,85,40,43,4,0,39,32
Broke Boys,"Drake, 21 Savage",2,2022,106249219,120,D,Major,64,11,53,1,0,25,27
The Great War,Taylor Swift,1,2022,181382590,96,F,Major,57,55,74,22,0,8,4
My Mind & Me,Selena Gomez,1,2022,91473363,144,A,Major,60,24,39,57,0,8,3
Bigger Than The Whole Sky,Taylor Swift,1,2022,121871870,166,F#,Major,42,7,24,83,1,12,6
Alone,Burna Boy,1,2022,96007391,90,E,Minor,61,32,67,15,0,11,5
